{"cameraMode":{"drawMode":0,"name":"Shaded","section":"Shading Mode"},"sceneLighting":true,"audioPlay":false,"sceneViewState":{"showFog":true,"showMaterialUpdate":false,"showSkybox":true,"showFlares":true,"showImageEffects":true,"showParticleSystems":true},"in2DMode":false,"pivot":{"x":2.6421871185302736,"y":-7.713426113128662,"z":22.061161041259767},"rotation":{"x":0.22485144436359406,"y":0.013148671947419644,"z":-0.003034009598195553,"w":0.9742996096611023},"size":39.235164642333987,"orthographic":false}