{"cameraMode":{"drawMode":0,"name":"Shaded","section":"Shading Mode"},"sceneLighting":true,"audioPlay":false,"sceneViewState":{"showFog":true,"showMaterialUpdate":false,"showSkybox":true,"showFlares":true,"showImageEffects":true,"showParticleSystems":true},"in2DMode":false,"pivot":{"x":61.484222412109378,"y":-1.7761238813400269,"z":200.6612091064453},"rotation":{"x":0.05659584328532219,"y":-0.6882581114768982,"z":0.05400798097252846,"w":0.7212356925010681},"size":21.14051055908203,"orthographic":false}