{"cameraMode":{"drawMode":0,"name":"Shaded","section":"Shading Mode"},"sceneLighting":true,"audioPlay":false,"sceneViewState":{"showFog":true,"showMaterialUpdate":false,"showSkybox":true,"showFlares":true,"showImageEffects":true,"showParticleSystems":true,"showVisualEffectGraphs":true,"m_FxEnabled":true},"in2DMode":false,"pivot":{"x":-31.212987899780275,"y":2.9786295890808107,"z":15.613960266113282},"rotation":{"x":0.05750902369618416,"y":0.8983079195022583,"z":-0.12367161363363266,"w":0.4177592396736145},"size":2.733942747116089,"orthographic":false}