{"cameraMode":{"drawMode":0,"name":"Shaded","section":"Shading Mode"},"sceneLighting":true,"audioPlay":false,"sceneViewState":{"showFog":true,"showMaterialUpdate":false,"showSkybox":true,"showFlares":true,"showImageEffects":true,"showParticleSystems":true},"in2DMode":false,"pivot":{"x":494.76300048828127,"y":299.36004638671877,"z":0.0},"rotation":{"x":-0.09144770354032517,"y":-0.0710420161485672,"z":0.006540760863572359,"w":-0.9932510256767273},"size":1969.11669921875,"orthographic":false}